Question,Essay,tr,cc,lr,gr,ovr,label_ovr
Some people believe that it is better for children to begin learning a foreign language at primary school rather than secondary school. Do the advantages of this outweigh the disadvantages?,"Learning a foreign language is important. Some people think kids should start in primary school not secondary school. I think it is good because kids learn fast when they are young. They have more time and less homework. So they can play and learn the new language. And in secondary school, there is more homework and exams and kids are busy. Some kids may not like learning two languages at the same time.

Kids' brains are open when they are young. They can remember words better. If they start young, they maybe speak well. For example, my cousin start English in primary school, now she is good. But my brother, he start in secondary school and it was hard for him. This can show that start early helps. But some people think kids should know their own language first.

Some people say learning early is not good. They say focus on one language first. But if the teacher makes it fun, maybe it is not a problem. Kids can learn both at the same time and enjoy it. But sometimes it can be hard to learn many languages.

In conclusion, there are many good things about learning language in primary school. Kids learn fast and speak well. But there are also things to think about like too many languages at once. It can be hard sometimes. And maybe not all kids like it.
",4,4,4,4,4,5
"Some People believe that allowing children to make their own choice on everyday matters (such as food, clothes and entertainment) is likely to result in a society of individuals who only think about their own wishes. Other People believe that it is important for children to make decisions about matters that affect them. Discuss both these views and give your own opinion.","Some people think children should not make their own choices. They say it makes them selfish. They only think about themselves. Like choosing food, they might eat bad things like pizza and ice cream all the time. Clothes, also, they might wear wrong clothes in winter like a t-shirt when it's cold. Friends can be bad influence too, making them choose not good things.

Other people think children should choose. It helps them learn and be more independent. When they pick clothes or fun activities, they know what they like. This can be good because they learn from mistakes. Some people say it helps them in future jobs. But, sometimes it might not be good because they only think about themselves and not others.

In the end, kids choosing can be bad, but also good. Parents can help them but let them decide sometimes. Friends and technology also can change how they choose things. It is important for kids to think for themselves but also for others. Choices they make can be good for their growth. But, it's not easy to say what is best all the time.

",3,3,3,4,3,5
Some people argue that if children behave badly they parent should accept responsibility for the behaviour of children. Do you agree or disagree.,"Some people say if children behavee bad, then parents should be blamed. I kind of think this is true, but it is not only about parents. There are more things to think about. Like, children also learn from other places. They go to school, and they have friends. So, it’s not just parents who cause bad behavior. Also, sometimes children just want attention, so they behavee bad. So, it is not always parents’ fault.

Parents is important for teaching children. They show children what is good and what is bad. Parents can be rude sometimes, and then children copy them. And then if parents shout a lot, children might shout too. But when parents is good, sometimes children still behavee bad because they want to test limits. Rules is good, but sometimes children break rules to see what will happen. 

At home, there should be rules. Rules help children know what to do. If there is no rules, then children do anything they want. Parents should tell children to be nice and respect others. But children also watch TV and internet, and sometimes they see bad things there. And then they start to behavee like that. So, it’s not always parents’ fault. Sometimes children have bad friends who teach them bad things. 

So, in the end, parents have some role in children’s behavior, but not all of it. Children learn from many places, not just home. Parents should try to teach good behavior, but other influenses are also there. It is not easy to say who is to blame for bad behavior. Life is complicated and many things make children act bad.
",4,4,4,4,4,5
The most important aim of science should be to improve people's lives. To what extent do you agree or disagree with this statement?,"The pursuit of scientific knowledge undeniably serves as a catalyst for human advancement, and while the enhancement of human well-being is a pivotal objective, it should not overshadow the intrinsic value of scientific exploration in expanding our understanding of the universe. I assert that while ameliorating human conditions must remain a significant aim, the pursuit of pure knowledge and the resolution of existential inquiries are equally vital.

Scientific advancements have profoundly transformed society, particularly in the realm of healthcare. For instance, the development of vaccines has virtually eradicated diseases like smallpox, while antibiotics have revolutionized the treatment of bacterial infections, significantly increasing life expectancy. However, these achievements also raise complex ethical considerations regarding equitable access and the potential misuse of biotechnological innovations. Thus, while science aims to improve human life, it must also navigate these ethical landscapes with prudence.

Beyond immediate human benefits, scientific progress has a substantial impact on our interaction with the environment. Technological innovations such as solar panels and wind turbines present sustainable alternatives to fossil fuels, which are essential in combating climate change. Nevertheless, their implementation often encounters obstacles, including high economic costs and geopolitical tensions, underscoring the multifaceted nature of scientific endeavors. Therefore, the quest for solutions to pressing global issues must carefully balance immediate benefits with long-term sustainability.

It is equally crucial to acknowledge the value of scientific inquiry driven by sheer intellectual curiosity. Consider the exploration of space or the investigation of quantum mechanics; while these fields may not yield immediate practical applications, they expand the frontiers of human knowledge and inspire future generations. By cultivating a culture that appreciates both practical applications and theoretical advancements, science can significantly contribute to a deeper comprehension of the cosmos.

In conclusion, while enhancing human lives should remain a primary aim of scientific endeavors, it is imperative to appreciate the broader spectrum of scientific exploration. By balancing immediate human benefits with ethical considerations and the pursuit of knowledge for its own sake, science can continue to play a pivotal role in shaping a sustainable and enlightened future for all.

",6,8,9,9,8,9
"Art classes, such as painting and drawing, are as important for children’s development as other subjects, so they should be compulsory in school. To what extend do you agree or disagree?","In the realm of contemporary pedagogy, the role of art classes such as painting and drawing is often juxtaposed with core subjects like mathematics and science. I am of the firm belief that art education is an integral component of a child's holistic development and should be compulsory within school curricula. This essay will elucidate why art education is indispensable by examining its contribution to cognitive, emotional, and cultural growth.

Firstly, art classes significantly enhance creativity and imagination, which are essential for cognitive development. Engaging in artistic pursuits encourages children to think divergently and innovatively. For instance, a child experimenting with abstract painting may develop lateral thinking skills that are transferrable to problem-solving in mathematics or formulating hypotheses in scientific research. The interplay between creativity fostered through art and other academic disciplines underscores the need for its inclusion in education.

Moreover, art education serves as a vital emotional outlet, contributing profoundly to a learner's emotional well-being. Artistic activities offer a therapeutic channel for children to process emotions constructively. For those who find verbal articulation challenging, expressing complex emotions through art can be particularly beneficial. Thus, mandating art classes ensures that all students have access to this crucial form of emotional support, thereby promoting mental health resilience and stability.

In addition, art education enriches cultural literacy and fosters an appreciation for diverse cultural narratives. Through the exploration of various artistic traditions, students gain insights into different historical contexts, broadening their perspectives and nurturing global citizenship. For example, understanding the symbolism inherent in Aboriginal art can cultivate respect and appreciation for Indigenous cultural heritage, fostering a more inclusive and empathetic society.

In conclusion, while the importance of subjects like mathematics and science is incontrovertible, art education should not be marginalized. By making art classes compulsory, schools can promote creativity, bolster emotional development, and enhance cultural awareness. Consequently, I assert that art education is as crucial as any other academic discipline in shaping well-rounded individuals, and its inclusion in the curriculum is imperative for fostering a more comprehensive educational experience.",8,9,9,9,"8,5",9